time,open,high,low,close,Volume
1746077040,95.6875,95.6875,95.6875,95.6875,50
1746077100,95.6875,95.6875,95.6875,95.6875,200
1746077160,95.685,95.685,95.685,95.685,1
1746080580,95.6875,95.6875,95.6875,95.6875,4
1746081960,95.6875,95.6875,95.6875,95.6875,1000
1746082680,95.685,95.685,95.685,95.685,1
1746083880,95.6875,95.6875,95.6875,95.6875,3
1746084780,95.6875,95.6875,95.6875,95.6875,5
1746086400,95.6875,95.6875,95.6875,95.6875,10
1746086640,95.6875,95.6875,95.6875,95.6875,30
1746087660,95.685,95.685,95.685,95.685,2
1746087900,95.6875,95.6875,95.6875,95.6875,85
1746088860,95.6875,95.6875,95.6875,95.6875,17
1746094440,95.6875,95.6875,95.6875,95.6875,120
1746097560,95.6875,95.6875,95.6875,95.6875,96
1746097980,95.6875,95.6875,95.6875,95.6875,10
1746099240,95.6875,95.6875,95.6875,95.6875,87
1746099300,95.6875,95.6875,95.6875,95.6875,12
1746100440,95.6875,95.6875,95.6875,95.6875,8
1746100860,95.6875,95.6875,95.6875,95.6875,2
1746101160,95.6875,95.6875,95.6875,95.6875,49
1746102240,95.6875,95.6875,95.6875,95.6875,2700
1746102300,95.6875,95.6875,95.6875,95.6875,658
1746102600,95.6875,95.6875,95.6875,95.6875,2528
1746102660,95.69,95.69,95.69,95.69,1230
1746102960,95.6875,95.6875,95.6875,95.6875,345
1746103020,95.6875,95.69,95.6875,95.6875,109
1746103080,95.6875,95.69,95.6875,95.69,1325
1746103140,95.69,95.69,95.69,95.69,6
1746103200,95.6875,95.6875,95.6875,95.6875,2253
1746103260,95.6875,95.6875,95.6875,95.6875,3
1746103320,95.6875,95.6875,95.6875,95.6875,6
1746103380,95.6875,95.6875,95.6875,95.6875,2
1746103440,95.6875,95.6875,95.6875,95.6875,6
1746103740,95.6875,95.6875,95.6875,95.6875,30
1746103860,95.6875,95.6875,95.6875,95.6875,30
1746103920,95.6875,95.6875,95.6875,95.6875,3
1746104100,95.6875,95.6875,95.6875,95.6875,250
1746104160,95.6875,95.6875,95.6875,95.6875,22
1746104880,95.6875,95.6875,95.6875,95.6875,111
1746105000,95.6875,95.6875,95.6875,95.6875,223
1746105060,95.6875,95.6875,95.6875,95.6875,19
1746105360,95.6875,95.6875,95.6875,95.6875,130
1746105660,95.6875,95.6875,95.6875,95.6875,100
1746105900,95.6875,95.6875,95.6875,95.6875,1200
1746106320,95.6875,95.6875,95.6875,95.6875,600
1746106380,95.6875,95.6875,95.6875,95.6875,6
1746106500,95.685,95.6875,95.685,95.6875,48
1746106560,95.6875,95.6875,95.6875,95.6875,1004
1746106620,95.6875,95.6875,95.6875,95.6875,731
1746106680,95.6875,95.6875,95.6875,95.6875,196
1746106740,95.6875,95.6875,95.6875,95.6875,152
1746106800,95.6875,95.6875,95.6875,95.6875,5
1746106860,95.6875,95.6875,95.6875,95.6875,2
1746106980,95.6875,95.6875,95.6875,95.6875,2
1746107040,95.6875,95.69,95.6875,95.69,135
1746107100,95.69,95.69,95.69,95.69,3
1746107160,95.69,95.69,95.69,95.69,4
1746107220,95.69,95.69,95.6875,95.6875,13
1746107280,95.69,95.69,95.69,95.69,4
1746107340,95.69,95.69,95.69,95.69,3
1746107400,95.69,95.69,95.69,95.69,4
1746107460,95.6875,95.69,95.6875,95.69,65
1746107520,95.69,95.69,95.69,95.69,3
1746107580,95.69,95.69,95.69,95.69,4
1746107640,95.69,95.69,95.69,95.69,7
1746107760,95.69,95.69,95.69,95.69,500
1746107820,95.69,95.69,95.69,95.69,1128
1746108000,95.6875,95.6875,95.6875,95.6875,1774
1746108060,95.6875,95.6875,95.6875,95.6875,500
1746108900,95.685,95.685,95.685,95.685,444
1746110220,95.685,95.685,95.685,95.685,263
1746110340,95.685,95.685,95.685,95.685,1356
1746110400,95.685,95.685,95.685,95.685,100
1746110520,95.685,95.685,95.685,95.685,23
1746110640,95.685,95.685,95.685,95.685,3
1746110700,95.685,95.685,95.685,95.685,63
1746110820,95.6875,95.6875,95.6875,95.6875,120
1746110880,95.685,95.685,95.685,95.685,500
1746111000,95.685,95.685,95.685,95.685,1
1746111060,95.685,95.685,95.685,95.685,781
1746111120,95.685,95.685,95.685,95.685,76
1746111180,95.685,95.685,95.685,95.685,1200
1746111300,95.685,95.685,95.685,95.685,2770
1746111360,95.685,95.685,95.685,95.685,2
1746111480,95.685,95.685,95.685,95.685,1
1746111960,95.685,95.685,95.685,95.685,219
1746112680,95.6825,95.6825,95.6825,95.6825,5
1746112800,95.685,95.685,95.685,95.685,10
1746112920,95.6825,95.6825,95.6825,95.6825,15
1746113040,95.6825,95.6825,95.6825,95.6825,1200
1746113100,95.6825,95.6825,95.6825,95.6825,1339
1746113580,95.6825,95.6825,95.6825,95.6825,30
1746113760,95.6825,95.6825,95.6825,95.6825,2000
1746114780,95.6825,95.6825,95.6825,95.6825,1
1746115080,95.6825,95.6825,95.6825,95.6825,1
1746115320,95.6825,95.6825,95.6825,95.6825,8
1746116820,95.685,95.685,95.685,95.685,10
1746117480,95.685,95.685,95.685,95.685,500
1746117660,95.6825,95.6825,95.6825,95.6825,1
1746117720,95.6825,95.6825,95.6825,95.6825,2000
1746118200,95.6825,95.6825,95.6825,95.6825,21
1746119460,95.6825,95.6825,95.6825,95.6825,1
1746119700,95.685,95.685,95.685,95.685,200
1746120540,95.6825,95.6825,95.6825,95.6825,1
1746121500,95.6825,95.6825,95.6825,95.6825,16
1746122100,95.6825,95.6825,95.6825,95.6825,13764
1746122760,95.6825,95.6825,95.6825,95.6825,150
1746123060,95.6825,95.6825,95.6825,95.6825,1
1746123300,95.6825,95.6825,95.6825,95.6825,1822
1746123600,95.6825,95.6825,95.6825,95.6825,1
1746123660,95.6825,95.6825,95.6825,95.6825,598
1746123720,95.6825,95.6825,95.6825,95.6825,5
1746123900,95.6825,95.6825,95.6825,95.6825,10
1746124080,95.6825,95.6825,95.6825,95.6825,56
1746124320,95.6825,95.6825,95.6825,95.6825,300
1746124380,95.6825,95.6825,95.6825,95.6825,1755
1746124680,95.6825,95.6825,95.6825,95.6825,30
1746124920,95.6825,95.6825,95.6825,95.6825,300
1746125100,95.6825,95.6825,95.6825,95.6825,2
1746125160,95.6825,95.6825,95.6825,95.6825,100
1746125280,95.6825,95.6825,95.6825,95.6825,1
1746125460,95.6825,95.6825,95.6825,95.6825,8
1746125760,95.6825,95.6825,95.6825,95.6825,5
1746125940,95.6825,95.6825,95.6825,95.6825,2
1746126120,95.685,95.685,95.685,95.685,18
1746126180,95.6825,95.6825,95.6825,95.6825,271
1746126240,95.6825,95.6825,95.6825,95.6825,2
1746126780,95.685,95.685,95.685,95.685,100
1746127560,95.6825,95.6825,95.6825,95.6825,14
1746128700,95.6825,95.6825,95.6825,95.6825,1
1746129000,95.6825,95.6825,95.6825,95.6825,46
1746129300,95.6825,95.6825,95.6825,95.6825,50
1746130200,95.685,95.685,95.685,95.685,223
1746130320,95.6825,95.6825,95.6825,95.6825,60
1746130740,95.6825,95.6825,95.6825,95.6825,100
1746131400,95.685,95.685,95.685,95.685,20
1746131880,95.6825,95.6825,95.6825,95.6825,1
1746132240,95.6825,95.6825,95.6825,95.6825,6
1746133140,95.6825,95.6825,95.6825,95.6825,1
1746137520,95.6825,95.6825,95.6825,95.6825,12
1746149940,95.6825,95.6825,95.6825,95.6825,1
1746159840,95.685,95.685,95.685,95.685,400
1746160020,95.685,95.685,95.685,95.685,100
1746162780,95.685,95.685,95.685,95.685,621
1746164040,95.685,95.685,95.685,95.685,700
1746165000,95.685,95.685,95.685,95.685,200
1746168240,95.6825,95.6825,95.6825,95.6825,250
1746168300,95.6825,95.6825,95.6825,95.6825,50
1746169020,95.685,95.685,95.685,95.685,100
1746171840,95.6825,95.6825,95.6825,95.6825,93
1746172920,95.6825,95.6825,95.6825,95.6825,472
1746173460,95.685,95.685,95.685,95.685,254
1746174480,95.6825,95.6825,95.6825,95.6825,9
1746175500,95.6825,95.6825,95.6825,95.6825,23
1746175920,95.6825,95.6825,95.6825,95.6825,500
1746177240,95.6825,95.6825,95.6825,95.6825,76
1746179280,95.685,95.685,95.685,95.685,1
1746179940,95.6825,95.6825,95.6825,95.6825,450
1746180000,95.6825,95.6825,95.6825,95.6825,41
1746181200,95.685,95.685,95.685,95.685,95
1746183960,95.6825,95.6825,95.6825,95.6825,500
1746184200,95.685,95.685,95.685,95.685,100
1746184500,95.6825,95.6825,95.6825,95.6825,435
1746185940,95.685,95.685,95.685,95.685,52
1746186000,95.685,95.685,95.685,95.685,4
1746186480,95.685,95.685,95.685,95.685,2
1746187200,95.685,95.685,95.685,95.685,90
1746187500,95.6825,95.6825,95.6825,95.6825,900
1746187560,95.6825,95.6825,95.6825,95.6825,4
1746187680,95.6825,95.6825,95.6825,95.6825,1558
1746187740,95.6825,95.6825,95.6825,95.6825,101
1746187800,95.6825,95.6825,95.6825,95.6825,105
1746187860,95.6825,95.6825,95.6825,95.6825,800
1746187920,95.6825,95.6825,95.6825,95.6825,2770
1746187980,95.6825,95.6825,95.6825,95.6825,3
1746188040,95.6825,95.6825,95.6825,95.6825,758
1746188100,95.6825,95.6825,95.6825,95.6825,9
1746188340,95.6825,95.6825,95.6825,95.6825,10
1746188400,95.6825,95.6825,95.6825,95.6825,502
1746188460,95.6825,95.6825,95.6825,95.6825,86
1746188520,95.6825,95.6825,95.6825,95.6825,204
1746188580,95.6825,95.6825,95.6825,95.6825,25
1746188640,95.6825,95.685,95.6825,95.685,100
1746188700,95.6825,95.6825,95.6825,95.6825,721
1746188760,95.6825,95.6825,95.6825,95.6825,729
1746188820,95.6825,95.6825,95.6825,95.6825,324
1746188880,95.6825,95.685,95.6825,95.685,229
1746188940,95.685,95.685,95.6825,95.6825,49
1746189000,95.6825,95.6825,95.675,95.6775,4430
1746189060,95.6775,95.6775,95.675,95.6775,4168
1746189120,95.675,95.675,95.675,95.675,38
1746189180,95.675,95.675,95.675,95.675,1288
1746189240,95.675,95.675,95.675,95.675,2719
1746189300,95.675,95.6775,95.675,95.675,1693
1746189360,95.675,95.675,95.675,95.675,6157
1746189420,95.675,95.675,95.675,95.675,1375
1746189480,95.6775,95.6775,95.6775,95.6775,3
1746189720,95.675,95.675,95.675,95.675,100
1746189780,95.675,95.675,95.675,95.675,50
1746189840,95.675,95.675,95.675,95.675,50
1746189900,95.675,95.675,95.675,95.675,1
1746189960,95.6775,95.6775,95.6775,95.6775,4
1746190080,95.675,95.675,95.675,95.675,100
1746190200,95.675,95.675,95.675,95.675,100
1746190440,95.675,95.675,95.675,95.675,1500
1746190560,95.675,95.675,95.675,95.675,387
1746190680,95.675,95.675,95.675,95.675,2146
1746190740,95.675,95.675,95.675,95.675,20
1746190980,95.675,95.675,95.675,95.675,1500
1746191160,95.675,95.675,95.675,95.675,5
1746191220,95.675,95.675,95.675,95.675,85
1746191400,95.675,95.675,95.675,95.675,10
1746191580,95.6775,95.6775,95.6775,95.6775,40
1746191760,95.6775,95.6775,95.675,95.675,120
1746192660,95.675,95.675,95.675,95.675,1
1746192960,95.675,95.675,95.675,95.675,5
1746193260,95.6775,95.6775,95.6775,95.6775,5
1746193800,95.6775,95.6775,95.6775,95.6775,3
1746193860,95.675,95.675,95.675,95.675,299
1746193980,95.675,95.675,95.675,95.675,200
1746194640,95.675,95.675,95.675,95.675,600
1746195720,95.675,95.675,95.675,95.675,5
1746196200,95.675,95.675,95.675,95.675,427
1746197160,95.675,95.675,95.675,95.675,1200
1746198360,95.675,95.675,95.675,95.675,1
1746198420,95.675,95.675,95.675,95.675,201
1746199860,95.6775,95.6775,95.675,95.675,53
1746200340,95.675,95.675,95.675,95.675,6
1746201780,95.675,95.675,95.675,95.675,100
1746201900,95.675,95.675,95.675,95.675,10
1746202080,95.6775,95.6775,95.6775,95.6775,9
1746202440,95.675,95.675,95.675,95.675,259
1746202860,95.6775,95.6775,95.6775,95.6775,37
1746203160,95.675,95.675,95.675,95.675,600
1746203460,95.6775,95.6775,95.6775,95.6775,1
1746203580,95.675,95.675,95.675,95.675,138
1746204960,95.675,95.675,95.675,95.675,250
1746205200,95.675,95.675,95.675,95.675,406
1746205560,95.6775,95.6775,95.6775,95.6775,1
1746206100,95.6775,95.6775,95.675,95.675,8
1746206340,95.6775,95.6775,95.6775,95.6775,3
1746206580,95.6775,95.6775,95.6775,95.6775,254
1746206640,95.6775,95.6775,95.6775,95.6775,78
1746208860,95.675,95.675,95.675,95.675,18
1746209940,95.675,95.675,95.675,95.675,7784
1746210420,95.675,95.675,95.675,95.675,300
1746210900,95.675,95.675,95.675,95.675,2
1746211140,95.675,95.675,95.675,95.675,3
1746211200,95.675,95.675,95.675,95.675,1
1746211260,95.675,95.675,95.675,95.675,2000
1746211320,95.675,95.675,95.675,95.675,178
1746211380,95.675,95.675,95.675,95.675,2287
1746211980,95.6725,95.6725,95.6725,95.6725,2
1746212340,95.6725,95.6725,95.6725,95.6725,2
1746212940,95.675,95.675,95.675,95.675,5
1746213060,95.675,95.675,95.675,95.675,6259
1746213120,95.675,95.675,95.675,95.675,27
1746214740,95.6775,95.6775,95.6775,95.6775,300
1746214980,95.675,95.675,95.675,95.675,183
1746217440,95.675,95.675,95.675,95.675,100
1746218820,95.675,95.675,95.675,95.675,47
1746219180,95.6775,95.6775,95.6775,95.6775,1
1746219540,95.6775,95.6775,95.6775,95.6775,1
1746396000,95.675,95.675,95.675,95.675,692
1746396060,95.675,95.675,95.675,95.675,63
1746396120,95.675,95.675,95.675,95.675,94
1746396360,95.675,95.675,95.675,95.675,2
1746396540,95.675,95.675,95.675,95.675,38
1746397380,95.675,95.675,95.675,95.675,40
1746397800,95.675,95.675,95.675,95.675,567
1746398580,95.675,95.675,95.675,95.675,2
1746400920,95.675,95.675,95.675,95.675,1
1746401460,95.675,95.675,95.675,95.675,100
1746402420,95.675,95.675,95.675,95.675,20
1746404460,95.675,95.675,95.675,95.675,300
1746404520,95.675,95.675,95.675,95.675,161
1746404820,95.675,95.675,95.675,95.675,31
1746404940,95.675,95.675,95.675,95.675,346
1746405600,95.675,95.675,95.675,95.675,450
1746407460,95.675,95.675,95.675,95.675,80
1746411360,95.675,95.675,95.675,95.675,300
1746412020,95.675,95.675,95.675,95.675,24
1746436620,95.675,95.675,95.675,95.675,189
1746444060,95.6725,95.6725,95.6725,95.6725,360
1746444900,95.675,95.675,95.675,95.675,12
1746445620,95.675,95.675,95.675,95.675,1
1746446280,95.675,95.675,95.675,95.675,6
1746446640,95.675,95.675,95.675,95.675,148
1746446700,95.675,95.675,95.675,95.675,137
1746446760,95.675,95.675,95.675,95.675,146
1746446820,95.675,95.675,95.675,95.675,148
1746446880,95.675,95.675,95.675,95.675,142
1746447540,95.675,95.675,95.675,95.675,1
1746448260,95.675,95.675,95.675,95.675,2
1746449220,95.675,95.675,95.675,95.675,1557
1746449280,95.675,95.675,95.675,95.675,13
1746449340,95.675,95.675,95.675,95.675,156
1746449400,95.675,95.675,95.675,95.675,6
1746449460,95.675,95.675,95.675,95.675,1
1746450000,95.675,95.675,95.675,95.675,12
1746450060,95.675,95.675,95.675,95.675,228
1746450360,95.675,95.675,95.675,95.675,40
1746450420,95.675,95.675,95.675,95.675,7
1746451020,95.675,95.675,95.675,95.675,2
1746451860,95.675,95.675,95.675,95.675,74
1746452460,95.675,95.675,95.675,95.675,38
1746453420,95.675,95.675,95.675,95.675,241
1746453480,95.675,95.675,95.675,95.675,104
1746453540,95.675,95.675,95.675,95.675,156
1746453600,95.675,95.675,95.675,95.675,99
1746456120,95.675,95.675,95.675,95.675,110
1746457200,95.675,95.675,95.675,95.675,871
1746457560,95.675,95.675,95.675,95.675,2
1746458100,95.675,95.675,95.675,95.675,1
1746458520,95.6725,95.6725,95.6725,95.6725,23
1746458640,95.6725,95.6725,95.6725,95.6725,38
1746458760,95.6725,95.6725,95.6725,95.6725,42
1746458820,95.6725,95.6725,95.6725,95.6725,46
1746458940,95.6725,95.6725,95.6725,95.6725,42
1746459060,95.6725,95.6725,95.6725,95.6725,41
1746459180,95.6725,95.6725,95.6725,95.6725,38
1746459240,95.6725,95.675,95.6725,95.675,2803
1746459360,95.6725,95.6725,95.6725,95.6725,44
1746459420,95.6725,95.6725,95.6725,95.6725,45
1746459540,95.6725,95.675,95.6725,95.675,48
1746459660,95.6725,95.6725,95.6725,95.6725,45
1746459780,95.6725,95.6725,95.6725,95.6725,46
1746459900,95.6725,95.6725,95.6725,95.6725,44
1746460020,95.6725,95.675,95.6725,95.675,128
1746460140,95.6725,95.6725,95.6725,95.6725,46
1746460200,95.675,95.675,95.675,95.675,50
1746460260,95.6725,95.6725,95.6725,95.6725,41
1746460380,95.6725,95.6725,95.6725,95.6725,43
1746460440,95.675,95.675,95.675,95.675,1
1746460500,95.6725,95.6725,95.6725,95.6725,37
1746460620,95.6725,95.6725,95.6725,95.6725,40
1746460740,95.6725,95.6725,95.6725,95.6725,39
1746460860,95.6725,95.6725,95.6725,95.6725,1
1746460920,95.6725,95.6725,95.6725,95.6725,38
1746461040,95.6725,95.6725,95.6725,95.6725,35
1746461160,95.6725,95.6725,95.6725,95.6725,93
1746461340,95.6725,95.6725,95.6725,95.6725,36
1746461460,95.6725,95.6725,95.6725,95.6725,33
1746461580,95.6725,95.6725,95.6725,95.6725,35
1746461760,95.6725,95.6725,95.6725,95.6725,34
1746461880,95.6725,95.6725,95.6725,95.6725,29
1746462000,95.6725,95.6725,95.6725,95.6725,31
1746462120,95.6725,95.6725,95.6725,95.6725,30
1746462240,95.6725,95.6725,95.6725,95.6725,36
1746462420,95.6725,95.6725,95.6725,95.6725,35
1746462600,95.675,95.675,95.6725,95.6725,35
1746462780,95.6725,95.6725,95.6725,95.6725,30
1746462960,95.6725,95.6725,95.6725,95.6725,33
1746463140,95.6725,95.6725,95.6725,95.6725,29
1746463320,95.6725,95.6725,95.6725,95.6725,29
1746463440,95.6725,95.6725,95.6725,95.6725,33
1746463620,95.6725,95.6725,95.6725,95.6725,36
1746463680,95.675,95.675,95.675,95.675,9
1746463800,95.6725,95.6725,95.6725,95.6725,30
1746463980,95.6725,95.6725,95.6725,95.6725,30
1746464100,95.6725,95.6725,95.6725,95.6725,35
1746464220,95.6725,95.6725,95.6725,95.6725,33
1746464340,95.6725,95.6725,95.6725,95.6725,34
1746464460,95.6725,95.6725,95.6725,95.6725,32
1746464520,95.6725,95.6725,95.6725,95.6725,36
1746464700,95.6725,95.6725,95.6725,95.6725,34
1746464820,95.6725,95.6725,95.6725,95.6725,33
1746465000,95.6725,95.6725,95.6725,95.6725,31
1746465180,95.6725,95.6725,95.6725,95.6725,35
1746465360,95.6725,95.6725,95.6725,95.6725,32
1746465600,95.6725,95.6725,95.6725,95.6725,33
1746465780,95.6725,95.6725,95.6725,95.6725,30
1746466020,95.6725,95.6725,95.6725,95.6725,30
1746466200,95.6725,95.6725,95.6725,95.6725,31
1746466440,95.6725,95.6725,95.6725,95.6725,36
1746466620,95.6725,95.6725,95.6725,95.6725,28
1746466860,95.6725,95.6725,95.6725,95.6725,28
1746467040,95.6725,95.6725,95.6725,95.6725,26
1746467220,95.6725,95.6725,95.6725,95.6725,30
1746467400,95.6725,95.6725,95.6725,95.6725,30
1746467640,95.6725,95.6725,95.6725,95.6725,29
1746467760,95.675,95.675,95.675,95.675,80
1746467820,95.6725,95.6725,95.6725,95.6725,27
1746468000,95.6725,95.6725,95.6725,95.6725,31
1746468180,95.6725,95.6725,95.6725,95.6725,26
1746468360,95.6725,95.6725,95.6725,95.6725,26
1746468540,95.6725,95.6725,95.6725,95.6725,30
1746468780,95.6725,95.6725,95.6725,95.6725,31
1746469020,95.6725,95.6725,95.6725,95.6725,31
1746469200,95.6725,95.6725,95.6725,95.6725,1977
1746469260,95.6725,95.6725,95.6725,95.6725,27
1746469500,95.6725,95.6725,95.6725,95.6725,29
1746469680,95.6725,95.6725,95.6725,95.6725,32
1746469740,95.675,95.675,95.675,95.675,500
1746469920,95.6725,95.6725,95.6725,95.6725,26
1746470160,95.6725,95.6725,95.6725,95.6725,32
1746470340,95.6725,95.6725,95.6725,95.6725,31
1746470580,95.6725,95.6725,95.6725,95.6725,28
1746470760,95.6725,95.6725,95.6725,95.6725,29
1746470880,95.6725,95.6725,95.6725,95.6725,30
1746471060,95.6725,95.6725,95.6725,95.6725,30
1746471180,95.6725,95.6725,95.6725,95.6725,28
1746471300,95.6725,95.6725,95.6725,95.6725,30
1746471420,95.6725,95.6725,95.6725,95.6725,31
1746471480,95.6725,95.675,95.6725,95.675,28
1746471540,95.675,95.675,95.675,95.675,38
1746471600,95.6725,95.6725,95.6725,95.6725,27
1746471660,95.6725,95.6725,95.6725,95.6725,32
1746471840,95.6725,95.6725,95.6725,95.6725,28
1746471960,95.6725,95.6725,95.6725,95.6725,529
1746472140,95.6725,95.6725,95.6725,95.6725,28
1746472320,95.6725,95.6725,95.6725,95.6725,26
1746472500,95.6725,95.6725,95.6725,95.6725,27
1746472680,95.6725,95.6725,95.6725,95.6725,29
1746472860,95.6725,95.6725,95.6725,95.6725,28
1746473100,95.6725,95.6725,95.6725,95.6725,28
1746473280,95.6725,95.6725,95.6725,95.6725,29
1746473460,95.6725,95.6725,95.6725,95.6725,32
1746473700,95.6725,95.6725,95.6725,95.6725,28
1746473880,95.6725,95.6725,95.6725,95.6725,31
1746474060,95.6725,95.6725,95.6725,95.6725,27
1746474240,95.6725,95.6725,95.6725,95.6725,27
1746474360,95.675,95.675,95.675,95.675,155
1746474420,95.6725,95.6725,95.6725,95.6725,34
1746474540,95.6725,95.6725,95.6725,95.6725,30
1746474660,95.6725,95.6725,95.6725,95.6725,30
1746474840,95.6725,95.6725,95.6725,95.6725,32
1746475140,95.6725,95.6725,95.6725,95.6725,55
1746476640,95.675,95.675,95.675,95.675,26
1746476940,95.6725,95.6725,95.6725,95.6725,198
1746478080,95.6725,95.6725,95.6725,95.6725,106
1746478560,95.675,95.675,95.675,95.675,27
1746518820,95.675,95.675,95.675,95.675,50
1746519060,95.675,95.675,95.675,95.675,31
1746522300,95.675,95.675,95.675,95.675,232
1746523140,95.675,95.675,95.675,95.675,300
1746527580,95.6725,95.675,95.6725,95.675,252
1746527640,95.675,95.675,95.675,95.675,2
1746529140,95.675,95.675,95.675,95.675,4
1746529500,95.675,95.675,95.675,95.675,23
1746529620,95.675,95.675,95.675,95.675,9
1746529680,95.675,95.675,95.675,95.675,248
1746530040,95.675,95.675,95.675,95.675,803
1746530100,95.675,95.675,95.675,95.675,860
1746530160,95.675,95.675,95.675,95.675,7
1746530220,95.675,95.675,95.675,95.675,6
1746531000,95.675,95.675,95.675,95.675,245
1746532680,95.675,95.675,95.675,95.675,4
1746532740,95.675,95.675,95.675,95.675,32
1746534180,95.6725,95.675,95.6725,95.675,86
1746534240,95.675,95.675,95.675,95.675,75
1746534420,95.675,95.675,95.675,95.675,371
1746534480,95.675,95.675,95.675,95.675,5
1746535260,95.675,95.675,95.675,95.675,1002
1746535320,95.675,95.675,95.675,95.675,6
1746535380,95.675,95.675,95.675,95.675,6
1746535440,95.675,95.675,95.675,95.675,4
1746535860,95.675,95.675,95.675,95.675,3
1746535980,95.675,95.675,95.675,95.675,15
1746538500,95.675,95.675,95.675,95.675,6
1746538920,95.675,95.675,95.675,95.675,150
1746539160,95.675,95.675,95.675,95.675,50
1746539700,95.675,95.675,95.675,95.675,1
1746539760,95.675,95.675,95.675,95.675,4
1746539820,95.675,95.675,95.675,95.675,5
1746540300,95.675,95.675,95.675,95.675,2
1746541860,95.675,95.675,95.675,95.675,7
1746541920,95.675,95.675,95.675,95.675,5
1746542100,95.675,95.675,95.675,95.675,935
1746543120,95.6725,95.6725,95.6725,95.6725,496
1746543180,95.6725,95.6725,95.6725,95.6725,1500
1746545040,95.6725,95.6725,95.6725,95.6725,400
1746545700,95.675,95.675,95.675,95.675,2218
1746547620,95.675,95.675,95.675,95.675,3
1746547680,95.675,95.675,95.675,95.675,3
1746548340,95.675,95.675,95.675,95.675,500
1746557580,95.675,95.675,95.675,95.675,345
1746557640,95.675,95.675,95.675,95.675,300
1746558000,95.675,95.675,95.675,95.675,56
1746558180,95.675,95.675,95.675,95.675,27
1746558480,95.675,95.675,95.675,95.675,18
1746561840,95.675,95.675,95.675,95.675,12
1746561900,95.675,95.675,95.675,95.675,12
1746561960,95.675,95.675,95.675,95.675,9
1746562020,95.6725,95.6725,95.6725,95.6725,10
1746564360,95.675,95.675,95.675,95.675,4
1746564480,95.675,95.675,95.675,95.675,61
1746564960,95.675,95.675,95.675,95.675,109
1746565020,95.6725,95.6725,95.6725,95.6725,100
1746565140,95.675,95.675,95.6725,95.6725,26
1746575280,95.675,95.675,95.675,95.675,1
1746581340,95.675,95.675,95.675,95.675,2
1746582960,95.6725,95.6725,95.6725,95.6725,300
1746591420,95.675,95.675,95.675,95.675,20
1746591540,95.675,95.675,95.675,95.675,220
1746591780,95.675,95.675,95.675,95.675,40
1746591900,95.675,95.675,95.675,95.675,10
1746594420,95.6725,95.6725,95.6725,95.6725,9
1746599220,95.675,95.675,95.675,95.675,30
1746600360,95.675,95.675,95.675,95.675,26
1746601500,95.675,95.675,95.675,95.675,220
1746601800,95.6725,95.6725,95.6725,95.6725,50
1746602040,95.6725,95.6725,95.6725,95.6725,12
1746602160,95.6725,95.6725,95.6725,95.6725,2
1746602640,95.675,95.675,95.675,95.675,15
1746603000,95.675,95.675,95.675,95.675,200
1746605580,95.675,95.675,95.675,95.675,100
1746605760,95.675,95.675,95.675,95.675,500
1746618180,95.675,95.675,95.675,95.675,3
1746619140,95.675,95.675,95.675,95.675,69
1746619500,95.675,95.675,95.675,95.675,7
1746620340,95.675,95.675,95.675,95.675,135
1746621180,95.675,95.675,95.675,95.675,500
1746622080,95.675,95.675,95.675,95.675,17
1746622200,95.675,95.675,95.675,95.675,6
1746622260,95.675,95.675,95.675,95.675,39
1746624420,95.675,95.675,95.675,95.675,73
1746624840,95.6725,95.6725,95.6725,95.6725,1000
1746625080,95.6725,95.6725,95.6725,95.6725,5
1746625380,95.675,95.675,95.675,95.675,20
1746627840,95.675,95.675,95.675,95.675,46
1746627960,95.675,95.675,95.675,95.675,34
1746628500,95.675,95.675,95.675,95.675,32
1746631320,95.675,95.675,95.675,95.675,250
1746631620,95.675,95.675,95.675,95.675,47
1746632280,95.675,95.675,95.675,95.675,19
1746632340,95.675,95.675,95.675,95.675,29
1746633780,95.675,95.675,95.675,95.675,35
1746634740,95.675,95.675,95.675,95.675,83
1746636540,95.675,95.675,95.675,95.675,20
1746637140,95.675,95.675,95.675,95.675,3
1746637680,95.675,95.675,95.675,95.675,5
1746638100,95.6725,95.6725,95.6725,95.6725,1000
1746639180,95.675,95.675,95.675,95.675,50
1746639660,95.675,95.675,95.675,95.675,60
1746639720,95.675,95.675,95.675,95.675,50
1746639840,95.675,95.675,95.675,95.675,91
1746640080,95.6725,95.6725,95.6725,95.6725,8
1746640140,95.6725,95.6725,95.6725,95.6725,3
1746640200,95.675,95.675,95.675,95.675,24
1746640260,95.675,95.675,95.675,95.675,30
1746640380,95.6725,95.6725,95.6725,95.6725,543
1746640500,95.6725,95.675,95.6725,95.675,1520
1746640620,95.675,95.675,95.675,95.675,734
1746640680,95.675,95.675,95.6725,95.6725,889
1746640740,95.6725,95.6725,95.6725,95.6725,60
1746640800,95.6725,95.6725,95.6725,95.6725,3505
1746640860,95.6725,95.6725,95.6725,95.6725,15542
1746640920,95.6725,95.6725,95.6725,95.6725,3287
1746640980,95.6725,95.6725,95.6725,95.6725,1064
1746641040,95.6725,95.6725,95.6725,95.6725,815
1746641100,95.6725,95.6725,95.6725,95.6725,400
1746641160,95.6725,95.6725,95.6725,95.6725,100
1746641280,95.6725,95.6725,95.6725,95.6725,1
1746641580,95.6725,95.6725,95.6725,95.6725,5
1746641640,95.6725,95.6725,95.6725,95.6725,1000
1746642060,95.6725,95.6725,95.6725,95.6725,998
1746642180,95.6725,95.6725,95.6725,95.6725,800
1746642240,95.675,95.675,95.675,95.675,1
1746642360,95.6725,95.6725,95.6725,95.6725,53
1746642540,95.6725,95.6725,95.6725,95.6725,500
1746642720,95.6725,95.6725,95.6725,95.6725,2
1746642780,95.6725,95.6725,95.6725,95.6725,4
1746642840,95.6725,95.6725,95.6725,95.6725,4100
1746642900,95.6725,95.6725,95.6725,95.6725,3651
1746642960,95.6725,95.6725,95.6725,95.6725,845
1746643020,95.6725,95.6725,95.6725,95.6725,3
1746643080,95.6725,95.6725,95.6725,95.6725,132
1746643380,95.6725,95.6725,95.6725,95.6725,800
1746643440,95.6725,95.6725,95.6725,95.6725,2009
1746643500,95.6725,95.6725,95.6725,95.6725,1092
1746643560,95.6725,95.6725,95.6725,95.6725,460
1746643620,95.6725,95.6725,95.6725,95.6725,1014
1746643800,95.6725,95.6725,95.6725,95.6725,1
1746643920,95.6725,95.6725,95.6725,95.6725,750
1746644100,95.6725,95.6725,95.6725,95.6725,365
1746644160,95.6725,95.6725,95.6725,95.6725,1594
1746644220,95.6725,95.6725,95.6725,95.6725,865
1746644280,95.6725,95.6725,95.6725,95.6725,959
1746644340,95.6725,95.6725,95.6725,95.6725,549
1746644400,95.6725,95.6725,95.6725,95.6725,6
1746644460,95.6725,95.6725,95.6725,95.6725,3404
1746644520,95.6725,95.6725,95.6725,95.6725,26
1746644580,95.6725,95.6725,95.6725,95.6725,279
1746644760,95.6725,95.6725,95.6725,95.6725,1000
1746644880,95.6725,95.6725,95.6725,95.6725,1306
1746645120,95.6725,95.6725,95.6725,95.6725,100
1746645780,95.6725,95.6725,95.6725,95.6725,21
1746645960,95.6725,95.6725,95.6725,95.6725,80
1746646560,95.675,95.675,95.675,95.675,1
1746646920,95.6725,95.6725,95.6725,95.6725,31
1746647100,95.6725,95.6725,95.6725,95.6725,16
1746647580,95.6725,95.6725,95.6725,95.6725,20
1746648900,95.6725,95.6725,95.6725,95.6725,1
1746650580,95.6725,95.6725,95.6725,95.6725,2
1746651360,95.6725,95.6725,95.6725,95.6725,9
1746655620,95.6725,95.6725,95.6725,95.6725,4
1746659280,95.6725,95.6725,95.6725,95.6725,621
1746664200,95.6725,95.6725,95.6725,95.6725,17
1746669420,95.6725,95.6725,95.6725,95.6725,290
1746670260,95.675,95.675,95.675,95.675,5
1746670320,95.675,95.675,95.675,95.675,30
1746671520,95.6725,95.6725,95.6725,95.6725,1342
1746673380,95.6725,95.6725,95.6725,95.6725,1997
1746682860,95.6725,95.6725,95.6725,95.6725,3
1746683340,95.67,95.67,95.67,95.67,35
1746685560,95.6725,95.6725,95.6725,95.6725,25
1746691200,95.67,95.67,95.67,95.67,964
1746694740,95.67,95.67,95.67,95.67,2
1746695760,95.67,95.6725,95.67,95.6725,225
1746700140,95.6725,95.6725,95.6725,95.6725,1200
1746703140,95.6725,95.6725,95.6725,95.6725,9213
1746703380,95.6725,95.6725,95.6725,95.6725,372
1746704640,95.6725,95.6725,95.6725,95.6725,21
1746704700,95.6725,95.6725,95.6725,95.6725,42
1746704880,95.6725,95.6725,95.6725,95.6725,19
1746705600,95.6725,95.6725,95.6725,95.6725,4373
1746705660,95.6725,95.6725,95.6725,95.6725,1437
1746705720,95.6725,95.6725,95.6725,95.6725,68
1746705780,95.6725,95.6725,95.6725,95.6725,144
1746706200,95.6725,95.6725,95.6725,95.6725,1
1746706260,95.6725,95.6725,95.6725,95.6725,2971
1746706320,95.6725,95.6725,95.6725,95.6725,230
1746706380,95.6725,95.6725,95.6725,95.6725,168
1746706620,95.6725,95.6725,95.6725,95.6725,14
1746707100,95.6725,95.6725,95.6725,95.6725,135
1746707160,95.6725,95.6725,95.6725,95.6725,7
1746707280,95.6725,95.6725,95.6725,95.6725,32
1746707340,95.6725,95.6725,95.6725,95.6725,8
1746707460,95.6725,95.6725,95.6725,95.6725,100
1746707580,95.6725,95.6725,95.6725,95.6725,100
1746707700,95.6725,95.6725,95.6725,95.6725,8
1746709620,95.6725,95.6725,95.6725,95.6725,200
1746709680,95.6725,95.6725,95.6725,95.6725,229
1746710640,95.6725,95.6725,95.6725,95.6725,4
1746711660,95.6725,95.6725,95.6725,95.6725,177
1746712860,95.6725,95.6725,95.6725,95.6725,13351
1746712920,95.6725,95.6725,95.6725,95.6725,5000
1746712980,95.6725,95.6725,95.6725,95.6725,300
1746713460,95.6725,95.6725,95.6725,95.6725,156
1746713580,95.6725,95.6725,95.6725,95.6725,1612
1746713640,95.6725,95.6725,95.6725,95.6725,2
1746713760,95.6725,95.6725,95.6725,95.6725,3
1746713880,95.6725,95.6725,95.6725,95.6725,1884
1746714960,95.6725,95.6725,95.6725,95.6725,40
1746715200,95.6725,95.6725,95.6725,95.6725,20
1746715380,95.6725,95.6725,95.6725,95.6725,18
1746716520,95.6725,95.6725,95.6725,95.6725,6
1746716820,95.6725,95.6725,95.6725,95.6725,9
1746717780,95.6725,95.6725,95.6725,95.6725,1000
1746718320,95.6725,95.6725,95.6725,95.6725,7450
1746718740,95.6725,95.6725,95.6725,95.6725,736
1746718860,95.6725,95.6725,95.6725,95.6725,243
1746719460,95.6725,95.6725,95.6725,95.6725,12236
1746722160,95.6725,95.6725,95.6725,95.6725,1000
1746722460,95.6725,95.6725,95.6725,95.6725,20
1746722880,95.67,95.67,95.67,95.67,700
1746722940,95.6725,95.6725,95.6725,95.6725,1
1746723840,95.67,95.67,95.67,95.67,200
1746726060,95.6725,95.6725,95.6725,95.6725,1
1746728340,95.6725,95.6725,95.6725,95.6725,26
1746729240,95.6725,95.6725,95.6725,95.6725,1
1746730500,95.67,95.67,95.67,95.67,10
1746730740,95.67,95.67,95.67,95.67,11
1746731400,95.67,95.67,95.67,95.67,176
1746732420,95.6725,95.6725,95.6725,95.6725,1
1746732600,95.6725,95.6725,95.6725,95.6725,21
1746733800,95.6725,95.6725,95.6725,95.6725,9
1746735360,95.6725,95.6725,95.6725,95.6725,1
1746736380,95.6725,95.6725,95.6725,95.6725,2
1746736500,95.6725,95.6725,95.6725,95.6725,3
1746736560,95.6725,95.6725,95.6725,95.6725,1
1746737340,95.67,95.67,95.67,95.67,45
1746737880,95.67,95.67,95.67,95.67,1
1746737940,95.6725,95.6725,95.6725,95.6725,2
1746749340,95.6725,95.6725,95.6725,95.6725,100
1746749400,95.6725,95.6725,95.6725,95.6725,400
1746750540,95.6725,95.6725,95.6725,95.6725,300
1746760260,95.6725,95.6725,95.6725,95.6725,5
1746778920,95.6725,95.6725,95.6725,95.6725,329
1746781500,95.6725,95.6725,95.6725,95.6725,7
1746789780,95.6725,95.6725,95.6725,95.6725,12
1746790020,95.6725,95.6725,95.6725,95.6725,30
1746790860,95.6725,95.6725,95.6725,95.6725,1
1746791880,95.6725,95.6725,95.6725,95.6725,30
1746792060,95.6725,95.6725,95.6725,95.6725,2
1746793140,95.6725,95.6725,95.6725,95.6725,1000
1746794340,95.6725,95.6725,95.6725,95.6725,100
1746794460,95.6725,95.6725,95.6725,95.6725,1
1746795540,95.6725,95.6725,95.6725,95.6725,1
1746796380,95.67,95.67,95.67,95.67,1
1746798480,95.6725,95.6725,95.6725,95.6725,200
1746799080,95.6725,95.6725,95.6725,95.6725,400
1746801060,95.67,95.67,95.67,95.67,100
1746802680,95.6725,95.6725,95.6725,95.6725,5
1746802980,95.67,95.67,95.67,95.67,500
1746805500,95.6725,95.6725,95.6725,95.6725,1000
1746805560,95.6725,95.6725,95.6725,95.6725,500
1746805620,95.6725,95.6725,95.6725,95.6725,250
1746809940,95.6725,95.6725,95.6725,95.6725,2
1746815520,95.6725,95.6725,95.6725,95.6725,1200
1746817140,95.67,95.67,95.67,95.67,1
1746822420,95.6725,95.6725,95.6725,95.6725,1
1746822600,95.67,95.67,95.67,95.67,102
1746822660,95.67,95.67,95.67,95.67,100
1746823260,95.6725,95.6725,95.6725,95.6725,200
1746824220,95.6725,95.6725,95.6725,95.6725,667
1746824340,95.67,95.67,95.67,95.67,800
1747000800,95.6725,95.6725,95.6725,95.6725,3
1747002000,95.67,95.67,95.67,95.67,1
1747002960,95.67,95.67,95.67,95.67,1
1747004400,95.67,95.67,95.67,95.67,1
1747006860,95.67,95.67,95.67,95.67,1
1747007340,95.67,95.67,95.67,95.67,1
1747009320,95.67,95.67,95.67,95.67,1
1747011660,95.67,95.67,95.67,95.67,1
1747011720,95.67,95.67,95.67,95.67,1
1747014180,95.67,95.67,95.67,95.67,1
1747016040,95.67,95.67,95.67,95.67,1
1747016640,95.67,95.67,95.67,95.67,1
1747019040,95.67,95.67,95.67,95.67,1
1747020420,95.67,95.67,95.67,95.67,1
1747021500,95.67,95.67,95.67,95.67,1
1747023900,95.67,95.67,95.67,95.67,1
1747024740,95.67,95.67,95.67,95.67,1
1747026360,95.67,95.67,95.67,95.67,1
1747028820,95.67,95.67,95.67,95.67,1
1747029120,95.67,95.67,95.67,95.67,1
1747030740,95.67,95.67,95.67,95.67,301
1747031220,95.67,95.67,95.67,95.67,1
1747033200,95.67,95.67,95.67,95.67,268
1747033440,95.67,95.67,95.67,95.67,175
1747033680,95.67,95.67,95.67,95.67,1
1747034220,95.67,95.67,95.67,95.67,1000
1747036020,95.67,95.67,95.67,95.67,1000
1747036080,95.67,95.67,95.67,95.67,1
1747037520,95.67,95.67,95.67,95.67,25
1747037820,95.67,95.67,95.67,95.67,1
1747038540,95.67,95.67,95.67,95.67,1
1747040880,95.67,95.67,95.67,95.67,30
1747040940,95.67,95.67,95.67,95.67,1
1747041660,95.67,95.67,95.67,95.67,3
1747042200,95.67,95.67,95.67,95.67,1
1747043400,95.67,95.67,95.67,95.67,1
1747045860,95.67,95.67,95.67,95.67,1
1747046220,95.67,95.67,95.67,95.67,1786
1747046460,95.67,95.67,95.67,95.67,1946
1747046520,95.67,95.67,95.67,95.67,1
1747048140,95.67,95.67,95.67,95.67,13
1747048260,95.67,95.67,95.67,95.67,1
1747048320,95.67,95.67,95.67,95.67,30
1747050720,95.67,95.67,95.67,95.67,1
1747050900,95.67,95.67,95.67,95.67,1
1747051200,95.6725,95.6725,95.6725,95.6725,157
1747053120,95.67,95.67,95.67,95.67,1
1747053660,95.6725,95.6725,95.6725,95.6725,25
1747054260,95.67,95.67,95.67,95.67,6
1747054620,95.6725,95.6725,95.6725,95.6725,5
1747054800,95.6725,95.6725,95.6725,95.6725,20
1747055040,95.6725,95.6725,95.6725,95.6725,15
1747055280,95.67,95.67,95.67,95.67,1
1747055460,95.6725,95.6725,95.6725,95.6725,20
1747055580,95.67,95.67,95.67,95.67,1
1747055880,95.67,95.67,95.67,95.67,2000
1747056360,95.67,95.67,95.67,95.67,2000
1747056840,95.6725,95.6725,95.6725,95.6725,40
1747056960,95.6725,95.6725,95.6725,95.6725,5
1747057140,95.6725,95.6725,95.6725,95.6725,20
1747057440,95.6725,95.6725,95.6725,95.6725,20
1747058040,95.67,95.6725,95.67,95.6725,21
1747058400,95.6725,95.6725,95.6725,95.6725,25
1747059060,95.67,95.67,95.67,95.67,13254
1747059420,95.6725,95.6725,95.6725,95.6725,26
1747059600,95.67,95.67,95.67,95.67,1
1747059720,95.6725,95.6725,95.6725,95.6725,2
1747060440,95.67,95.67,95.67,95.67,1
1747060620,95.67,95.67,95.67,95.67,34
1747061280,95.6725,95.6725,95.6725,95.6725,8
1747061640,95.6725,95.6725,95.6725,95.6725,20
1747061760,95.6725,95.6725,95.6725,95.6725,5
1747061940,95.6725,95.6725,95.6725,95.6725,20
1747062060,95.6725,95.6725,95.6725,95.6725,15
1747062540,95.67,95.67,95.67,95.67,100
1747062900,95.67,95.67,95.67,95.67,1
1747063920,95.67,95.67,95.67,95.67,800
1747063980,95.67,95.67,95.67,95.67,1
1747064460,95.6725,95.6725,95.6725,95.6725,20
1747064640,95.6725,95.6725,95.6725,95.6725,500
1747065240,95.6725,95.6725,95.6725,95.6725,3
1747065300,95.67,95.67,95.67,95.67,1
1747065660,95.6725,95.6725,95.6725,95.6725,1
1747067160,95.6725,95.6725,95.6725,95.6725,229
1747067760,95.67,95.67,95.67,95.67,1
1747068360,95.67,95.67,95.67,95.67,1
1747070160,95.67,95.67,95.67,95.67,1
1747072620,95.67,95.67,95.67,95.67,40
1747072680,95.67,95.67,95.67,95.67,1
1747075080,95.67,95.67,95.67,95.67,1
1747077060,95.67,95.67,95.67,95.67,1
1747077480,95.67,95.67,95.67,95.67,1
1747079940,95.67,95.67,95.67,95.67,1
1747080540,95.6725,95.6725,95.6725,95.6725,957
1747081020,95.67,95.67,95.67,95.67,1
1747081320,95.67,95.67,95.67,95.67,1
1747081380,95.67,95.67,95.67,95.67,1
1747081680,95.67,95.6725,95.67,95.6725,2
1747081800,95.6725,95.6725,95.6725,95.6725,158
1747082340,95.67,95.67,95.67,95.67,1
1747082580,95.6725,95.6725,95.6725,95.6725,210
1747083480,95.67,95.67,95.67,95.67,1
1747096320,95.67,95.67,95.67,95.67,500
1747102380,95.67,95.67,95.67,95.67,480
1747104780,95.67,95.67,95.67,95.67,8
1747105140,95.67,95.67,95.67,95.67,350
1747105260,95.67,95.67,95.67,95.67,270
1747115460,95.67,95.67,95.67,95.67,249
1747118760,95.67,95.67,95.67,95.67,28
1747120380,95.67,95.67,95.67,95.67,80
1747124520,95.67,95.67,95.67,95.67,9
1747124820,95.67,95.67,95.67,95.67,9
1747126020,95.67,95.67,95.67,95.67,9
1747127400,95.67,95.67,95.67,95.67,64
1747127460,95.67,95.67,95.67,95.67,1
1747127640,95.67,95.67,95.67,95.67,1
1747134060,95.6725,95.6725,95.6725,95.6725,12
1747136820,95.6725,95.6725,95.6725,95.6725,1
1747138200,95.67,95.67,95.67,95.67,104
1747139400,95.6725,95.6725,95.6725,95.6725,135
1747142160,95.6725,95.6725,95.6725,95.6725,1
1747145520,95.67,95.67,95.67,95.67,10
1747147320,95.67,95.67,95.67,95.67,15
1747149780,95.67,95.67,95.67,95.67,20
1747151400,95.67,95.67,95.67,95.67,2
1747155240,95.6725,95.6725,95.6725,95.6725,53
1747155780,95.67,95.67,95.67,95.67,15
1747160160,95.67,95.67,95.67,95.67,2
1747163580,95.67,95.67,95.67,95.67,1
1747165020,95.6725,95.6725,95.6725,95.6725,34
1747167180,95.67,95.67,95.67,95.67,207
1747169040,95.67,95.67,95.67,95.67,1
1747169700,95.67,95.67,95.67,95.67,101
1747206540,95.67,95.67,95.67,95.67,121
1747219020,95.67,95.67,95.67,95.67,250
1747221060,95.67,95.67,95.67,95.67,200
1747221120,95.6725,95.6725,95.6725,95.6725,1
1747223100,95.6725,95.6725,95.6725,95.6725,6
1747228140,95.6725,95.6725,95.6725,95.6725,27
1747229520,95.6725,95.6725,95.6725,95.6725,42
1747229880,95.6725,95.6725,95.6725,95.6725,108
1747231680,95.6725,95.6725,95.6725,95.6725,3
1747231800,95.67,95.67,95.67,95.67,70
1747234080,95.67,95.67,95.67,95.67,1
1747235220,95.67,95.67,95.67,95.67,126
1747235760,95.6725,95.6725,95.6725,95.6725,3
1747236600,95.6725,95.6725,95.6725,95.6725,5
1747237260,95.67,95.67,95.67,95.67,63
1747237860,95.67,95.67,95.67,95.67,12
1747239240,95.6725,95.6725,95.6725,95.6725,14
1747244040,95.6725,95.6725,95.6725,95.6725,33
1747245900,95.6725,95.6725,95.6725,95.6725,19
1747245960,95.6725,95.6725,95.6725,95.6725,1
1747246200,95.6725,95.6725,95.6725,95.6725,15
1747249140,95.67,95.67,95.67,95.67,1
1747262760,95.6725,95.6725,95.6725,95.6725,12
1747295580,95.67,95.67,95.67,95.67,68
1747305000,95.67,95.67,95.67,95.67,93
1747308300,95.67,95.67,95.67,95.67,3
1747311060,95.6725,95.6725,95.6725,95.6725,5
1747313880,95.6725,95.6725,95.6725,95.6725,250
1747317120,95.67,95.67,95.67,95.67,63
1747317840,95.67,95.67,95.67,95.67,10
1747322460,95.67,95.67,95.67,95.67,63
1747326480,95.67,95.67,95.67,95.67,100
1747331460,95.6725,95.6725,95.6725,95.6725,25
1747333860,95.67,95.67,95.67,95.67,152
1747333920,95.6725,95.6725,95.6725,95.6725,18
1747335540,95.67,95.67,95.67,95.67,1
1747338000,95.67,95.67,95.67,95.67,5
1747341900,95.6725,95.6725,95.6725,95.6725,28
1747342320,95.67,95.67,95.67,95.67,89
1747342380,95.67,95.67,95.67,95.67,24
1747364460,95.67,95.67,95.67,95.67,1200
1747378080,95.67,95.67,95.67,95.67,21
1747382160,95.67,95.67,95.67,95.67,250
1747388820,95.6725,95.6725,95.6725,95.6725,20
1747392300,95.67,95.67,95.67,95.67,291
1747397400,95.67,95.6725,95.67,95.6725,30
1747399980,95.67,95.67,95.67,95.67,44
1747401240,95.67,95.67,95.67,95.67,6
1747401480,95.67,95.67,95.67,95.67,5
1747401540,95.67,95.67,95.67,95.67,197
1747402320,95.67,95.67,95.67,95.67,107
1747403160,95.6725,95.6725,95.6725,95.6725,10
1747404180,95.67,95.67,95.67,95.67,52
1747406580,95.67,95.67,95.67,95.67,4
1747407420,95.67,95.67,95.67,95.67,30
1747407960,95.67,95.67,95.67,95.67,14
1747409160,95.6725,95.6725,95.6725,95.6725,155
1747415220,95.6725,95.6725,95.6725,95.6725,5
1747421940,95.6725,95.6725,95.6725,95.6725,3
1747422720,95.6725,95.6725,95.6725,95.6725,1
1747428240,95.67,95.6725,95.67,95.6725,41
1747428300,95.6725,95.6725,95.6725,95.6725,1
1747428360,95.6725,95.6725,95.6725,95.6725,62
1747428480,95.6725,95.6725,95.6725,95.6725,1
1747428960,95.6725,95.6725,95.6725,95.6725,1
1747606500,95.67,95.67,95.67,95.67,12
1747609200,95.6725,95.6725,95.6725,95.6725,1
1747609920,95.6725,95.6725,95.6725,95.6725,1
1747614660,95.6725,95.6725,95.6725,95.6725,1
1747616700,95.6725,95.6725,95.6725,95.6725,1
1747620120,95.6725,95.6725,95.6725,95.6725,1
1747623540,95.6725,95.6725,95.6725,95.6725,1
1747625580,95.6725,95.6725,95.6725,95.6725,1
1747630380,95.6725,95.6725,95.6725,95.6725,1
1747631040,95.6725,95.6725,95.6725,95.6725,1
1747636500,95.6725,95.6725,95.6725,95.6725,1
1747637220,95.6725,95.6725,95.6725,95.6725,1
1747641960,95.6725,95.6725,95.6725,95.6725,1
1747644000,95.6725,95.6725,95.6725,95.6725,1
1747647420,95.6725,95.6725,95.6725,95.6725,1
1747650840,95.6725,95.6725,95.6725,95.6725,1
1747652880,95.6725,95.6725,95.6725,95.6725,1
1747656180,95.67,95.67,95.67,95.67,16
1747657680,95.6725,95.6725,95.6725,95.6725,1
1747658340,95.6725,95.6725,95.6725,95.6725,1
1747661160,95.67,95.67,95.67,95.67,113
1747663800,95.6725,95.6725,95.6725,95.6725,1
1747664520,95.6725,95.6725,95.6725,95.6725,1
1747665660,95.67,95.67,95.67,95.67,87
1747668780,95.67,95.67,95.67,95.67,65
1747669320,95.6725,95.6725,95.6725,95.6725,1
1747670100,95.6725,95.6725,95.6725,95.6725,1
1747671300,95.6725,95.6725,95.6725,95.6725,1
1747672620,95.67,95.67,95.67,95.67,11
1747674720,95.6725,95.6725,95.6725,95.6725,1
1747676340,95.67,95.67,95.67,95.67,9
1747678140,95.6725,95.6725,95.6725,95.6725,1
1747680180,95.6725,95.6725,95.67,95.67,85
1747681500,95.67,95.67,95.67,95.67,4000
1747681560,95.67,95.67,95.67,95.67,2000
1747681620,95.67,95.6725,95.67,95.6725,145
1747684740,95.6725,95.6725,95.6725,95.6725,13
1747684980,95.6725,95.6725,95.6725,95.6725,1
1747685040,95.67,95.67,95.67,95.67,35
1747685640,95.6725,95.6725,95.6725,95.6725,1
1747687080,95.67,95.67,95.67,95.67,14
1747687140,95.67,95.67,95.67,95.67,596
1747692060,95.67,95.67,95.67,95.67,7
1747709160,95.67,95.67,95.67,95.67,18
1747729320,95.6725,95.6725,95.6725,95.6725,1
1747729800,95.67,95.67,95.67,95.67,36
1747730880,95.67,95.67,95.67,95.67,1
1747745160,95.67,95.67,95.67,95.67,2
1747749120,95.6725,95.6725,95.6725,95.6725,110
1747751340,95.6725,95.6725,95.6725,95.6725,250
1747752540,95.6725,95.6725,95.6725,95.6725,1
1747753680,95.67,95.67,95.67,95.67,1
1747755960,95.67,95.67,95.67,95.67,13
1747765140,95.67,95.67,95.67,95.67,266
1747773840,95.67,95.67,95.67,95.67,57
1747781460,95.67,95.67,95.67,95.67,8
1747828500,95.67,95.67,95.67,95.67,1
1747828740,95.67,95.67,95.67,95.67,36
1747829460,95.67,95.67,95.67,95.67,610
1747830420,95.67,95.67,95.67,95.67,153
1747831380,95.6725,95.6725,95.6725,95.6725,1
1747834320,95.67,95.67,95.67,95.67,2531
1747835520,95.67,95.67,95.67,95.67,5
1747840560,95.6725,95.6725,95.6725,95.6725,5
1747843440,95.6725,95.6725,95.6725,95.6725,1
1747852620,95.67,95.67,95.67,95.67,100
1747853940,95.67,95.67,95.67,95.67,4
1747854120,95.67,95.67,95.67,95.67,19
1747857000,95.67,95.67,95.67,95.67,25
1747857060,95.67,95.67,95.67,95.67,161
1747859280,95.6725,95.6725,95.6725,95.6725,17
1747900980,95.6725,95.6725,95.6725,95.6725,1
1747901040,95.67,95.67,95.67,95.67,1
1747912500,95.67,95.67,95.67,95.67,48
1747913100,95.67,95.67,95.67,95.67,19
1747913160,95.67,95.67,95.67,95.67,19
1747915140,95.67,95.67,95.67,95.67,28
1747921080,95.67,95.67,95.67,95.67,500
1747930260,95.6725,95.6725,95.6725,95.6725,1
1747932420,95.67,95.67,95.67,95.67,2
1747932600,95.67,95.67,95.67,95.67,8
1747934760,95.67,95.67,95.67,95.67,23
1747939380,95.67,95.67,95.67,95.67,12
1747940340,95.67,95.67,95.67,95.67,2
1747945440,95.6725,95.6725,95.6725,95.6725,14
1747945740,95.67,95.67,95.67,95.67,1
1747996560,95.67,95.67,95.67,95.67,100
1748005860,95.67,95.67,95.67,95.67,5
1748006520,95.67,95.67,95.67,95.67,2
1748009400,95.67,95.67,95.67,95.67,2
1748009460,95.67,95.67,95.67,95.67,1
1748009520,95.67,95.67,95.67,95.67,1
1748009640,95.67,95.67,95.67,95.67,1
1748009700,95.67,95.67,95.67,95.67,33
1748009820,95.67,95.67,95.67,95.67,60
1748010360,95.67,95.67,95.67,95.67,100
1748010420,95.67,95.67,95.67,95.67,201
1748017620,95.67,95.67,95.67,95.67,11
1748017680,95.67,95.67,95.67,95.67,3
1748020380,95.67,95.67,95.67,95.67,50
1748020440,95.6725,95.6725,95.6725,95.6725,57
1748020500,95.67,95.67,95.67,95.67,25
1748020560,95.6725,95.6725,95.6725,95.6725,1
1748020620,95.67,95.67,95.67,95.67,8
1748020680,95.67,95.67,95.67,95.67,5
1748020740,95.67,95.67,95.67,95.67,12
1748021220,95.6725,95.6725,95.6725,95.6725,1
1748021280,95.67,95.67,95.67,95.67,25
1748021400,95.67,95.67,95.67,95.67,3
1748023920,95.67,95.67,95.67,95.67,91
1748024400,95.67,95.67,95.67,95.67,1
1748025720,95.67,95.67,95.67,95.67,2
1748025840,95.67,95.67,95.67,95.67,7
1748025960,95.67,95.67,95.67,95.67,2
1748026140,95.67,95.67,95.67,95.67,7
1748026740,95.67,95.67,95.67,95.67,3
1748028240,95.67,95.67,95.67,95.67,17
1748032020,95.67,95.67,95.67,95.67,1
1748241660,95.67,95.67,95.67,95.67,9
1748242380,95.6725,95.6725,95.6725,95.6725,1
1748243820,95.6725,95.6725,95.6725,95.6725,1
1748244000,95.6725,95.6725,95.6725,95.6725,1
1748245260,95.6725,95.6725,95.6725,95.6725,1
1748246700,95.6725,95.6725,95.6725,95.6725,1
1748248080,95.6725,95.6725,95.6725,95.6725,1
1748248620,95.6725,95.6725,95.6725,95.6725,1
1748249520,95.6725,95.6725,95.6725,95.6725,1
1748250960,95.6725,95.6725,95.6725,95.6725,1
1748252400,95.6725,95.6725,95.6725,95.6725,1
1748253300,95.6725,95.6725,95.6725,95.6725,1
1748253840,95.6725,95.6725,95.6725,95.6725,1
1748255220,95.6725,95.6725,95.6725,95.6725,1
1748256660,95.6725,95.6725,95.6725,95.6725,1
1748257920,95.6725,95.6725,95.6725,95.6725,1
1748258100,95.6725,95.6725,95.6725,95.6725,1
1748259540,95.6725,95.6725,95.6725,95.6725,1
1748260980,95.6725,95.6725,95.6725,95.6725,1
1748262360,95.6725,95.6725,95.6725,95.6725,1
1748262540,95.6725,95.6725,95.6725,95.6725,1
1748263800,95.6725,95.6725,95.6725,95.6725,1
1748265240,95.6725,95.6725,95.6725,95.6725,1
1748266680,95.6725,95.6725,95.6725,95.6725,1
1748267160,95.6725,95.6725,95.6725,95.6725,1
1748268060,95.6725,95.6725,95.6725,95.6725,1
1748269500,95.6725,95.6725,95.6725,95.6725,1
1748270940,95.6725,95.6725,95.6725,95.6725,1
1748271840,95.6725,95.6725,95.6725,95.6725,1
1748272380,95.6725,95.6725,95.6725,95.6725,1
1748273820,95.6725,95.6725,95.6725,95.6725,1
1748275200,95.6725,95.6725,95.6725,95.6725,1
1748276460,95.6725,95.6725,95.6725,95.6725,1
1748276640,95.6725,95.6725,95.6725,95.6725,1
1748278080,95.6725,95.6725,95.6725,95.6725,1
1748330640,95.67,95.67,95.67,95.67,1
1748334420,95.67,95.67,95.67,95.67,1
1748335440,95.6725,95.6725,95.6725,95.6725,1
1748337780,95.67,95.67,95.67,95.67,3
1748337900,95.67,95.67,95.67,95.67,1
1748340360,95.67,95.67,95.67,95.67,1
1748341680,95.67,95.67,95.67,95.67,30
1748342100,95.67,95.67,95.67,95.67,1
1748346600,95.67,95.67,95.67,95.67,1
1748347140,95.67,95.67,95.67,95.67,900
1748347320,95.6725,95.6725,95.6725,95.6725,1
1748347980,95.67,95.67,95.67,95.67,7
1748349540,95.67,95.67,95.67,95.67,5
1748350080,95.67,95.67,95.67,95.67,3964
1748350620,95.67,95.67,95.67,95.67,31
1748352000,95.67,95.67,95.67,95.67,3000
1748361840,95.67,95.67,95.67,95.67,1
1748362980,95.6725,95.6725,95.6725,95.6725,1
1748363640,95.67,95.67,95.67,95.67,1770
1748365860,95.6725,95.6725,95.6725,95.6725,10
1748367120,95.67,95.67,95.67,95.67,2
1748369280,95.67,95.67,95.67,95.67,2
1748372340,95.67,95.67,95.67,95.67,11
1748375460,95.67,95.67,95.67,95.67,51
1748376840,95.67,95.67,95.67,95.67,10
1748378460,95.6725,95.6725,95.6725,95.6725,206
1748378940,95.67,95.67,95.67,95.67,1
1748379240,95.67,95.67,95.67,95.67,1
1748383200,95.67,95.67,95.67,95.67,112
1748386260,95.67,95.67,95.67,95.67,1
1748386380,95.67,95.67,95.67,95.67,1
1748386440,95.67,95.67,95.67,95.67,3
1748394180,95.6725,95.6725,95.6725,95.6725,1
1748395500,95.67,95.67,95.67,95.67,1
1748415600,95.67,95.67,95.67,95.67,1
1748416920,95.67,95.67,95.67,95.67,1
1748418300,95.67,95.67,95.67,95.67,52
1748419680,95.67,95.67,95.67,95.67,1
1748420580,95.67,95.67,95.67,95.67,1
1748421120,95.67,95.67,95.67,95.67,1
1748428560,95.6725,95.6725,95.6725,95.6725,50
1748431080,95.67,95.67,95.67,95.67,2
1748431140,95.67,95.67,95.67,95.67,2
1748431440,95.67,95.67,95.67,95.67,344
1748434500,95.67,95.67,95.67,95.67,2
1748434560,95.67,95.67,95.67,95.67,21
1748440920,95.67,95.67,95.67,95.67,13
1748444340,95.67,95.67,95.67,95.67,3
1748444400,95.67,95.67,95.67,95.67,3
1748444520,95.67,95.67,95.67,95.67,1
1748446860,95.6725,95.6725,95.6725,95.6725,37
1748450520,95.67,95.67,95.67,95.67,11
1748450820,95.67,95.67,95.67,95.67,1
1748456400,95.67,95.67,95.67,95.67,10
1748459940,95.67,95.67,95.67,95.67,1
1748463120,95.67,95.67,95.67,95.67,21
1748463180,95.67,95.67,95.67,95.67,41
1748463240,95.67,95.67,95.67,95.67,91
1748463840,95.6725,95.6725,95.6725,95.6725,17
1748464860,95.6725,95.6725,95.6725,95.6725,321
1748472660,95.67,95.67,95.67,95.67,140
1748492700,95.6725,95.6725,95.6725,95.6725,1
1748500380,95.6725,95.6725,95.6725,95.6725,100
1748511300,95.67,95.67,95.67,95.67,400
1748520360,95.67,95.67,95.67,95.67,79
1748520660,95.67,95.67,95.67,95.67,3
1748520720,95.67,95.67,95.67,95.67,805
1748520960,95.67,95.67,95.67,95.67,1536
1748521380,95.67,95.67,95.67,95.67,76
1748524380,95.67,95.67,95.67,95.67,28
1748529000,95.67,95.67,95.67,95.67,14
1748531400,95.67,95.67,95.67,95.67,53
1748532000,95.6725,95.6725,95.6725,95.6725,3
1748533320,95.67,95.67,95.67,95.67,17
1748538120,95.67,95.67,95.67,95.67,1
1748538720,95.67,95.67,95.67,95.67,3
1748545020,95.67,95.67,95.67,95.67,182
1748545080,95.67,95.67,95.67,95.67,10
1748545860,95.67,95.67,95.67,95.67,7
1748545920,95.67,95.67,95.67,95.67,563
1748546280,95.67,95.67,95.67,95.67,1
1748546880,95.67,95.67,95.67,95.67,668
1748547900,95.67,95.67,95.67,95.67,1
1748549640,95.6725,95.6725,95.6725,95.6725,33
1748549760,95.67,95.67,95.67,95.67,2
1748550660,95.67,95.67,95.67,95.67,2
1748551440,95.6725,95.6725,95.67,95.67,2917
1748556540,95.67,95.67,95.67,95.67,269
1748579820,95.67,95.67,95.67,95.67,550
1748589420,95.6725,95.6725,95.6725,95.6725,5
1748604660,95.67,95.67,95.67,95.67,1
1748606100,95.67,95.67,95.67,95.67,104
1748606400,95.67,95.67,95.67,95.67,7
1748606460,95.67,95.67,95.67,95.67,10
1748608860,95.67,95.67,95.67,95.67,6
1748610000,95.67,95.67,95.67,95.67,19
1748610060,95.67,95.67,95.67,95.67,1
1748611380,95.67,95.67,95.67,95.67,39
1748611800,95.67,95.67,95.67,95.67,1
1748615340,95.67,95.67,95.67,95.67,2
1748616900,95.67,95.67,95.67,95.67,1
1748618100,95.6725,95.6725,95.6725,95.6725,2
1748618160,95.6725,95.6725,95.6725,95.6725,8
1748619120,95.67,95.67,95.67,95.67,1
1748623200,95.67,95.67,95.67,95.67,2
